Expected Return,Expected Volatility,Sharpe Ratio
2.6609457410282125,0.03385755934892159,78.5923673235167
